<?xml version="1.0" encoding="UTF-8"?>
<Configuration monitorInterval="30" status="INFO">
  <Appenders>
    <Console name="Console" target="SYSTEM_OUT">
      <PatternLayout pattern="%d{HH:mm:ss.SSS} [%t] %-5level %logger{36} - %msg%n"/>
    </Console>
  </Appenders>
  <Loggers>
    <Logger name="com.fedex.bookstoreclient" level="INFO" additivity="false">
      <AppenderRef ref="Console"/>
    </Logger>
    <Root level="ERROR">
      <AppenderRef ref="Console"/>
    </Root>
  </Loggers>
</Configuration>
